https://www.instagram.com/amr.hossam.eldiin/,,,,,,,,,,,,,,,,,,,
https://www.instagram.com/aicatchapp/,,,,,,,,,,,,,,,,,,,
https://www.instagram.com/vssn.ai/,,,,,,,,,,,,,,,,,,,
https://www.instagram.com/4reels.pro/,,,,,,,,,,,,,,,,,,,
https://www.instagram.com/hailuoai_official/,,,,,,,,,,,,,,,,,,,
https://www.instagram.com/imagineartofficial/,,,,,,,,,,,,,,,,,,,
https://www.instagram.com/hulaapp.ai/,,,,,,,,,,,,,,,,,,,
https://www.instagram.com/flovaai/,,,,,,,,,,,,,,,,,,,
https://www.instagram.com/nikoxstudios/,,,,,,,,,,,,,,,,,,,
https://www.instagram.com/creatiai.official/,,,,,,,,,,,,,,,,,,,
https://www.instagram.com/mrrajput_sk/,,,,,,,,,,,,,,,,,,,
https://www.instagram.com/leoreal.ai/,,,,,,,,,,,,,,,,,,,
https://www.instagram.com/suratcity.ai/,,,,,,,,,,,,,,,,,,,
https://www.instagram.com/officialamanzaid/,,,,,,,,,,,,,,,,,,,
https://www.instagram.com/talesramiroart/,,,,,,,,,,,,,,,,,,,
https://www.instagram.com/imagn.ig/,,,,,,,,,,,,,,,,,,,
https://www.instagram.com/aibyjoe/,,,,,,,,,,,,,,,,,,,
https://www.instagram.com/pushpendra.tech/,,,,,,,,,,,,,,,,,,,
https://www.instagram.com/higgsfield.ai/,,,,,,,,,,,,,,,,,,,
https://www.instagram.com/prompts.ig/,,,,,,,,,,,,,,,,,,,
https://www.instagram.com/pranavdesigns/,,,,,,,,,,,,,,,,,,,
https://www.instagram.com/glam_app/,,,,,,,,,,,,,,,,,,,
https://www.instagram.com/farnaz_edits_ai/,,,,,,,,,,,,,,,,,,,
https://www.instagram.com/vivavideoapp/,,,,,,,,,,,,,,,,,,,
